<?xml version="1.0" encoding="utf-8" standalone="yes"?>
<rss version="2.0" xmlns:atom="http://www.w3.org/2005/Atom">
  <channel>
    <title>Exempla on Cartola Survival</title>
    <link>https://survivalcartola.github.io/exempla/</link>
    <description>Recent content in Exempla on Cartola Survival</description>
    <generator>Hugo</generator>
    <language>pt-br</language>
    <atom:link href="https://survivalcartola.github.io/exempla/index.xml" rel="self" type="application/rss+xml" />
  </channel>
</rss>
