<?xml version="1.0" encoding="utf-8" standalone="yes"?>
<rss version="2.0" xmlns:atom="http://www.w3.org/2005/Atom">
  <channel>
    <title>Refutação on Cartola Survival</title>
    <link>http://localhost:1313/categories/refuta%C3%A7%C3%A3o/</link>
    <description>Recent content in Refutação on Cartola Survival</description>
    <generator>Hugo</generator>
    <language>pt-br</language>
    <lastBuildDate>Thu, 18 Dec 2025 00:00:00 +0000</lastBuildDate>
    <atom:link href="http://localhost:1313/categories/refuta%C3%A7%C3%A3o/index.xml" rel="self" type="application/rss+xml" />
    <item>
      <title>De Potestate Climatis: O Tratado Contra a Usurpação Tecnocrática</title>
      <link>http://localhost:1313/posts/potestate_climatis/</link>
      <pubDate>Thu, 18 Dec 2025 00:00:00 +0000</pubDate>
      <guid>http://localhost:1313/posts/potestate_climatis/</guid>
      <description>De Potestate Climatis: O Tratado Contra a Usurpação Tecnocrática PROÊMIO — DA NATUREZA DA FALÁCIA E DO ERRO FUNDACIONAL&#xA;Ergo, antes de ingressarmos na refutação plena, impõe-se erigir o proêmio — não como mero vestibular retórico, mas como o átrio conceitual onde se delineia a patologia lógica que acomete o discurso ambiental transformado em instrumento político. Pois o que aqui se denuncia não é a existência de fatos empíricos, nem a legitimidade da investigação científica, mas a operação intelectualmente fraudulenta pela qual fatos descritivos são transfigurados, por alquimia ideológica, em mandamentos morais inquestionáveis e, mais grave ainda, em justificativas para a expansão ilimitada do poder estatal e supranacional.</description>
    </item>
  </channel>
</rss>
