<?xml version="1.0" encoding="utf-8" standalone="yes"?>
<rss version="2.0" xmlns:atom="http://www.w3.org/2005/Atom">
  <channel>
    <title>Lei Natural on Cartola Survival</title>
    <link>http://localhost:1313/tags/lei-natural/</link>
    <description>Recent content in Lei Natural on Cartola Survival</description>
    <generator>Hugo</generator>
    <language>pt-br</language>
    <lastBuildDate>Thu, 28 Aug 2025 00:00:00 +0000</lastBuildDate>
    <atom:link href="http://localhost:1313/tags/lei-natural/index.xml" rel="self" type="application/rss+xml" />
    <item>
      <title>Manifesto contra a tirania vacinal: Uma Defasa da Lei Natural frente à Corrupção Científica e Estatal</title>
      <link>http://localhost:1313/tractatus/tirania_vacinal/</link>
      <pubDate>Thu, 28 Aug 2025 00:00:00 +0000</pubDate>
      <guid>http://localhost:1313/tractatus/tirania_vacinal/</guid>
      <description>MANIFESTO CONTRA A TIRANIA VACINAL: UMA DEFESA DA LEI NATURAL FRENTE À CORRUPÇÃO CIENTÍFICA E ESTATAL__1 PREMISSA FUNDAMENTAL: A Leiii Natural, emanada da razão divina e acessível à reta razão humana, é a ordem imutável que precede e julga todas as leis positivas do homem. Seus princípios são superiores e invioláveis. A prática vacinal coercitiva, tal como imposta pelo aparato biomédico global, constitui uma ofensa frontal a esta Lei, operando através de meios intrinsecamente ilícitos, com consequências desastrosas comprovadas por dados históricos, jurídicos e científicos incontestáveis.</description>
    </item>
  </channel>
</rss>
