<?xml version="1.0" encoding="utf-8" standalone="yes"?>
<rss version="2.0" xmlns:atom="http://www.w3.org/2005/Atom">
  <channel>
    <title>Glossarium on Cartola Survival</title>
    <link>https://survivalcartola.github.io/glossarium/</link>
    <description>Recent content in Glossarium on Cartola Survival</description>
    <generator>Hugo</generator>
    <language>pt-br</language>
    <atom:link href="https://survivalcartola.github.io/glossarium/index.xml" rel="self" type="application/rss+xml" />
    <item>
      <title>ENS</title>
      <link>https://survivalcartola.github.io/glossarium/ens/</link>
      <pubDate>Mon, 01 Jan 0001 00:00:00 +0000</pubDate>
      <guid>https://survivalcartola.github.io/glossarium/ens/</guid>
      <description>ENS (Ser) Verbum Verum Ens é aquilo que é enquanto é (ens inquantum ens): tudo o que possui actus essendi, seja como existente em ato, seja como sujeito real de potências ordenadas ao ato. O ser não é uma noção derivada, construída ou reflexiva, mas o primeiro inteligível do intelecto humano (primum cognitum), apreendido implicitamente antes de toda determinação categorial, definição ou juízo.&#xA;O ser não é gênero — pois não se divide por diferenças específicas —, não é abstração lógica, nem produto da linguagem.</description>
    </item>
    <item>
      <title>EXISTENTIA</title>
      <link>https://survivalcartola.github.io/glossarium/existentia/</link>
      <pubDate>Mon, 01 Jan 0001 00:00:00 +0000</pubDate>
      <guid>https://survivalcartola.github.io/glossarium/existentia/</guid>
      <description>EXISTENTIA (Existência) Verbum Verum Existentia est actus quo ens creatum est in rerum natura, id est, exercet esse receptum extra nihilum.&#xA;Não designa vivência subjetiva, estado psicológico, biografia individual ou mera presença empírica, mas a atualidade real do ente, pela qual a essência possível se encontra efetivamente no ser.&#xA;Na metafísica clássica, especialmente em São Tomás de Aquino, existentia supõe a distinção real entre essência e ser nas criaturas:&#xA;a essentia responde ao quid est (o que é); o esse responde ao an est (que é); a existentia designa o ente enquanto exercendo o ato de ser recebido.</description>
    </item>
  </channel>
</rss>
