<?xml version="1.0" encoding="utf-8" standalone="yes"?>
<rss version="2.0" xmlns:atom="http://www.w3.org/2005/Atom">
  <channel>
    <title>Tractatus on Cartola Survival</title>
    <link>https://survivalcartola.github.io/tractatus/</link>
    <description>Recent content in Tractatus on Cartola Survival</description>
    <generator>Hugo</generator>
    <language>pt-br</language>
    <lastBuildDate>Thu, 18 Dec 2025 00:00:00 +0000</lastBuildDate>
    <atom:link href="https://survivalcartola.github.io/tractatus/index.xml" rel="self" type="application/rss+xml" />
    <item>
      <title>De Potestate Climatis: O Tratado Contra a Usurpação Tecnocrática</title>
      <link>https://survivalcartola.github.io/tractatus/potestate_climatis/</link>
      <pubDate>Thu, 18 Dec 2025 00:00:00 +0000</pubDate>
      <guid>https://survivalcartola.github.io/tractatus/potestate_climatis/</guid>
      <description>De Potestate Climatis: O Tratado Contra a Usurpação Tecnocrática PROÊMIO — DA NATUREZA DA FALÁCIA E DO ERRO FUNDACIONAL&#xA;Ergo, antes de ingressarmos na refutação plena, impõe-se erigir o proêmio — não como mero vestibular retórico, mas como o átrio conceitual onde se delineia a patologia lógica que acomete o discurso ambiental transformado em instrumento político. Pois o que aqui se denuncia não é a existência de fatos empíricos, nem a legitimidade da investigação científica, mas a operação intelectualmente fraudulenta pela qual fatos descritivos são transfigurados, por alquimia ideológica, em mandamentos morais inquestionáveis e, mais grave ainda, em justificativas para a expansão ilimitada do poder estatal e supranacional.</description>
    </item>
    <item>
      <title>STF: A Cúpula da Nova Inquisição Brasileira</title>
      <link>https://survivalcartola.github.io/tractatus/tirania_judicial/</link>
      <pubDate>Thu, 28 Aug 2025 00:00:00 +0000</pubDate>
      <guid>https://survivalcartola.github.io/tractatus/tirania_judicial/</guid>
      <description>STF: A Nova Cúpula da Inquisição Brasileira I. DA USURPAÇÃO TELEOLÓGICA: A PERVERSÃO DA CAUSA FINAL A causa final — termo filosófico aristotélico que designa o propósito último e essencial de um ser ou instituição — do Poder Judiciário é a aplicação imparcial da lei. O Supremo Tribunal Federal corrompeu absolutamente sua causa final, transmutando-a de guardião da Constituição para instrumento de hegemonia político-ideológica. Esta usurpação teleológica manifesta-se na sistemática substituição do texto constitucional pelo arbítrio discricionário dos ministros, que passaram a operar como um comitê de salvação pública doutrinária.</description>
    </item>
  </channel>
</rss>
