<?xml version="1.0" encoding="utf-8" standalone="yes"?>
<rss version="2.0" xmlns:atom="http://www.w3.org/2005/Atom">
  <channel>
    <title>Artigos on Cartola Survival</title>
    <link>http://localhost:1313/artigos/</link>
    <description>Recent content in Artigos on Cartola Survival</description>
    <generator>Hugo</generator>
    <language>pt-br</language>
    <lastBuildDate>Thu, 28 Aug 2025 00:00:00 +0000</lastBuildDate>
    <atom:link href="http://localhost:1313/artigos/index.xml" rel="self" type="application/rss+xml" />
    <item>
      <title>Manifesto contra a tirania vacinal: Uma Defasa da Lei Natural frente à Corrupção Científica e Estatal</title>
      <link>http://localhost:1313/artigos/tirania_vacinal/</link>
      <pubDate>Thu, 28 Aug 2025 00:00:00 +0000</pubDate>
      <guid>http://localhost:1313/artigos/tirania_vacinal/</guid>
      <description>&lt;h1 id=&#34;manifesto-contra-a-tirania-vacinal-uma-defesa-da-lei-natural-frente-à-corrupção-científica-e-estatal___&#34;&gt;MANIFESTO CONTRA A TIRANIA VACINAL: UMA DEFESA DA LEI NATURAL FRENTE À CORRUPÇÃO CIENTÍFICA E ESTATAL___&lt;/h1&gt;&#xA;&lt;p&gt;&lt;strong&gt;PREMISSA FUNDAMENTAL:&lt;/strong&gt; A Lei Natural, emanada da razão divina e acessível à reta razão humana, é a ordem imutável que precede e julga todas as leis positivas do homem. Seus princípios são superiores e invioláveis. A prática vacinal coercitiva, tal como imposta pelo aparato biomédico global, constitui uma ofensa frontal a esta Lei, operando através de meios intrinsecamente ilícitos, com consequências desastrosas comprovadas por dados históricos, jurídicos e científicos incontestáveis. Este manifesto expõe esta corrupção sistêmica.&lt;/p&gt;</description>
    </item>
    <item>
      <title>STF: A Cúpula da Nova Inquisição Brasileira</title>
      <link>http://localhost:1313/artigos/tirania_judicial/</link>
      <pubDate>Thu, 28 Aug 2025 00:00:00 +0000</pubDate>
      <guid>http://localhost:1313/artigos/tirania_judicial/</guid>
      <description>&lt;h1 id=&#34;stf-a-nova-cúpula-da-inquisição-brasileira&#34;&gt;STF: A Nova Cúpula da Inquisição Brasileira&lt;/h1&gt;&#xA;&lt;h2 id=&#34;i-da-usurpação-teleológica-a-perversão-da-causa-final&#34;&gt;I. DA USURPAÇÃO TELEOLÓGICA: A PERVERSÃO DA CAUSA FINAL&lt;/h2&gt;&#xA;&lt;p&gt;A causa final — termo filosófico aristotélico que designa o propósito último e essencial de um ser ou instituição — do Poder Judiciário é a aplicação imparcial da lei. O Supremo Tribunal Federal corrompeu absolutamente sua &lt;em&gt;causa final&lt;/em&gt;, transmutando-a de guardião da Constituição para instrumento de hegemonia político-ideológica. Esta usurpação teleológica manifesta-se na sistemática substituição do texto constitucional pelo arbítrio discricionário dos ministros, que passaram a operar como um comitê de salvação pública doutrinária. O exemplo concreto e incontestável é a decisão do HC 143.641 (2021), onde o Plenário, sob o pretexto de combater “notícias falsas”, efetivou a censura prévia a um parlamentar, vilipendiando o artigo 5º, IV e IX, da Constituição Federal. Este acto constitui uma violação categórica da ordem natural das instituições, onde o poder moderador transforma-se em poder opressor.&lt;/p&gt;</description>
    </item>
    <item>
      <title>STF: A Cúpula da Nova Inquisição Brasileira(não leia, isso é apenas um rascunho)</title>
      <link>http://localhost:1313/artigos/judicial-post/</link>
      <pubDate>Sat, 12 Jul 2025 00:00:00 +0000</pubDate>
      <guid>http://localhost:1313/artigos/judicial-post/</guid>
      <description>&lt;h1 id=&#34;i1--stf-a-cúpula-da-nova-inquisição-brasileira&#34;&gt;I.1 — STF: A CÚPULA DA NOVA INQUISIÇÃO BRASILEIRA&lt;/h1&gt;&#xA;&lt;p&gt;&lt;strong&gt;Como ministros togados instauraram um regime absolutista por meio de jurisprudência militante&lt;/strong&gt;&lt;/p&gt;&#xA;&lt;p&gt;&lt;strong&gt;Subtítulo:&lt;/strong&gt; Casos concretos de censura, perseguição política e o golpe de toga institucionalizado&lt;/p&gt;&#xA;&lt;hr&gt;&#xA;&lt;h2 id=&#34;introitus-a-teologia-do-verbo-togado--o-nascimento-do-magistério-supremo&#34;&gt;INTROITUS: A TEOLOGIA DO VERBO TOGADO — O NASCIMENTO DO MAGISTÉRIO SUPREMO&lt;/h2&gt;&#xA;&lt;p&gt;Em toda civilização que se encaminha para sua forma terminal de decadência, surge inevitavelmente uma casta de sacerdotes jurídicos, não para preservar a lei natural e o bem comum, mas para operar a transubstanciação da norma em instrumento de controle total. No Egito teocrático, tais figuras falavam em nome dos deuses. Na Roma imperial, eram os intérpretes das &lt;em&gt;leges augustae&lt;/em&gt;. Na URSS, os comissários do Partido. No Brasil pós-1988, esse sacerdócio de novo tipo se encarnou no Supremo Tribunal Federal — não como &lt;em&gt;custos legis&lt;/em&gt;, mas como oráculo hermenêutico absoluto, capaz de distorcer, abolir, reinventar ou suspender o próprio texto constitucional conforme sua pulsão ideológica de momento.&lt;/p&gt;</description>
    </item>
    <item>
      <title>Meu Primeiro Artigo</title>
      <link>http://localhost:1313/artigos/meu-primeiro-artigo/</link>
      <pubDate>Wed, 04 Jun 2025 05:59:45 +0000</pubDate>
      <guid>http://localhost:1313/artigos/meu-primeiro-artigo/</guid>
      <description></description>
    </item>
    <item>
      <title>Aquecimento Global: Uma Análise Epistemológica da Premissa Antropogênica</title>
      <link>http://localhost:1313/artigos/novo-artigo/</link>
      <pubDate>Wed, 04 Jun 2025 00:00:00 +0000</pubDate>
      <guid>http://localhost:1313/artigos/novo-artigo/</guid>
      <description>&lt;blockquote&gt;&#xA;&lt;p&gt;&lt;em&gt;“Não é a ciência que comanda a narrativa; é a narrativa que sequestrou a ciência.”&lt;/em&gt;&lt;br&gt;&#xA;— Cartola Survival&lt;/p&gt;&#xA;&lt;/blockquote&gt;&#xA;&lt;blockquote&gt;&#xA;&lt;p&gt;&lt;em&gt;“A ciência não é consenso; é demonstração.”&lt;/em&gt;&lt;br&gt;&#xA;— Richard Feynman&lt;/p&gt;&#xA;&lt;/blockquote&gt;&#xA;&lt;h2 id=&#34;introdução&#34;&gt;Introdução&lt;/h2&gt;&#xA;&lt;p&gt;O presente artigo não pretende simplesmente negar ou afirmar a existência do aquecimento global. Pretende, sim, &lt;strong&gt;analisar epistemologicamente a força da premissa segundo a qual o aquecimento global seria causado pela ação humana&lt;/strong&gt;, premissa essa que se converteu, na modernidade politicamente doutrinada, em &lt;strong&gt;dogma inquestionável&lt;/strong&gt;, muitas vezes blindado contra o escrutínio racional e a análise empírica rigorosa. Trata-se, portanto, de um exame que percorre os degraus da lógica investigativa, submetendo a hipótese antropogênica aos critérios clássicos da epistemologia científica: observabilidade, falseabilidade, coerência interna, isenção ideológica e robustez preditiva.&lt;/p&gt;</description>
    </item>
    <item>
      <title>Agenda 2030</title>
      <link>http://localhost:1313/artigos/agenda_2030/</link>
      <pubDate>Mon, 01 Jan 0001 00:00:00 +0000</pubDate>
      <guid>http://localhost:1313/artigos/agenda_2030/</guid>
      <description>&lt;h3 id=&#34;agenda-2030-o-plano-de-gerenciar-a-humanidade-como-rebanho--como-os-17-objetivos-escondem-uma-meta-controle-total-em-nome-da-sustentabilidade&#34;&gt;&lt;strong&gt;AGENDA 2030: O PLANO DE GERENCIAR A HUMANIDADE COMO REBANHO — COMO OS 17 OBJETIVOS ESCONDEM UMA META: CONTROLE TOTAL EM NOME DA SUSTENTABILIDADE&lt;/strong&gt;&lt;/h3&gt;&#xA;&lt;p&gt;&lt;strong&gt;PRÓLOGO: ADVERTÊNCIA SOBRE O LEVIATÃ GLOBAL&lt;/strong&gt;&lt;/p&gt;&#xA;&lt;p&gt;Nós, os herdeiros da tradição ocidental, da filosofia grega, do direito romano e da moral judaico-cristã, encontramo-nos no precipício de uma escravidão totalitária sem precedentes, vestida com as roupagens sedutoras da filantropia e da preocupação ambiental. A Agenda 2030, proclamada pelas Nações Unidas com solenidade enganosa, não é um mero conjunto de aspirações para um futuro melhor; é, isto sim, a cartilha definitiva para a instauração de um governo mundial tecnocrático, a mais recente e perniciosa encarnação daquela mesma ânsia pelo controle absoluto que animou os construtores da Torre de Babel, os jacobinos da Revolução Francesa e os comissários do politburo soviético. Como profetizou o pensador brasileiro Olavo de Carvalho, a “nova ordem mundial” não é uma teoria conspiratória, mas um projeto conspiratório factível, cujos fios são movidos nos corredores de organismos multilaterais como o Fórum Econômico Mundial e a própria ONU, onde se articula, longe do escrutínio público, a engenharia social mais ousada já concebida: a transformação do homem livre, imago Dei, em unidade de produção e consumo, em animal de rebanho, numerado, rastreado, condicionado e controlado em nome de um bem-estar coletivo ilusório e de uma sustentabilidade elevada à categoria de dogma secular. Este tratado, portanto, serve como um manifesto de resistência, um grito de alerta no deserto da apatia moderna, que expõe, com o rigor documental de um Burke denunciando os horrores da Revolução Francesa e a contundência profética de um Enéas Carneiro advertindo sobre a globalização, a verdadeira face deste instrumento de dominação.&lt;/p&gt;</description>
    </item>
  </channel>
</rss>
