<?xml version="1.0" encoding="utf-8" standalone="yes"?>
<rss version="2.0" xmlns:atom="http://www.w3.org/2005/Atom">
  <channel>
    <title>Categories on Cartola Survival</title>
    <link>https://survivalcartola.github.io/categories/</link>
    <description>Recent content in Categories on Cartola Survival</description>
    <generator>Hugo</generator>
    <language>pt-br</language>
    <lastBuildDate>Thu, 28 Aug 2025 00:00:00 +0000</lastBuildDate>
    <atom:link href="https://survivalcartola.github.io/categories/index.xml" rel="self" type="application/rss+xml" />
    <item>
      <title>Cartola Survival</title>
      <link>https://survivalcartola.github.io/categories/cartola-survival/</link>
      <pubDate>Mon, 01 Jan 0001 00:00:00 +0000</pubDate>
      <guid>https://survivalcartola.github.io/categories/cartola-survival/</guid>
      <description></description>
    </item>
    <item>
      <title>Política</title>
      <link>https://survivalcartola.github.io/categories/pol%C3%ADtica/</link>
      <pubDate>Mon, 01 Jan 0001 00:00:00 +0000</pubDate>
      <guid>https://survivalcartola.github.io/categories/pol%C3%ADtica/</guid>
      <description></description>
    </item>
  </channel>
</rss>
