<?xml version="1.0" encoding="utf-8" standalone="yes"?>
<rss version="2.0" xmlns:atom="http://www.w3.org/2005/Atom">
  <channel>
    <title>Clima on Cartola Survival</title>
    <link>http://localhost:1313/tags/clima/</link>
    <description>Recent content in Clima on Cartola Survival</description>
    <generator>Hugo</generator>
    <language>pt-br</language>
    <lastBuildDate>Wed, 04 Jun 2025 00:00:00 +0000</lastBuildDate>
    <atom:link href="http://localhost:1313/tags/clima/index.xml" rel="self" type="application/rss+xml" />
    <item>
      <title>Aquecimento Global: Uma Análise Epistemológica da Premissa Antropogênica</title>
      <link>http://localhost:1313/tractatus/analise_epistemica_de-aquecimento/</link>
      <pubDate>Wed, 04 Jun 2025 00:00:00 +0000</pubDate>
      <guid>http://localhost:1313/tractatus/analise_epistemica_de-aquecimento/</guid>
      <description>“Não é a ciência que comanda a narrativa; é a narrativa que sequestrou a ciência.”&#xA;— Cartola Survival&#xA;“A ciência não é consenso; é demonstração.”&#xA;— Richard Feynman&#xA;Introdução O presente artigo não pretende simplesmente negar ou afirmar a existência do aquecimento global. Pretende, sim, analisar epistemologicamente a força da premissa segundo a qual o aquecimento global seria causado pela ação humana, premissa essa que se converteu, na modernidade politicamente doutrinada, em dogma inquestionável, muitas vezes blindado contra o escrutínio racional e a análise empírica rigorosa.</description>
    </item>
  </channel>
</rss>
