<?xml version="1.0" encoding="utf-8" standalone="yes"?>
<rss version="2.0" xmlns:atom="http://www.w3.org/2005/Atom">
  <channel>
    <title>Tratados on Cartola Survival</title>
    <link>http://localhost:1313/tratados/</link>
    <description>Recent content in Tratados on Cartola Survival</description>
    <generator>Hugo</generator>
    <language>pt-br</language>
    <lastBuildDate>Thu, 18 Dec 2025 00:00:00 +0000</lastBuildDate>
    <atom:link href="http://localhost:1313/tratados/index.xml" rel="self" type="application/rss+xml" />
    <item>
      <title>De Potestate Climatis: O Tratado Contra a Usurpação Tecnocrática</title>
      <link>http://localhost:1313/tratados/potestate_climatis/</link>
      <pubDate>Thu, 18 Dec 2025 00:00:00 +0000</pubDate>
      <guid>http://localhost:1313/tratados/potestate_climatis/</guid>
      <description>De Potestate Climatis: O Tratado Contra a Usurpação Tecnocrática PROÊMIO — DA NATUREZA DA FALÁCIA E DO ERRO FUNDACIONAL&#xA;Ergo, antes de ingressarmos na refutação plena, impõe-se erigir o proêmio — não como mero vestibular retórico, mas como o átrio conceitual onde se delineia a patologia lógica que acomete o discurso ambiental transformado em instrumento político. Pois o que aqui se denuncia não é a existência de fatos empíricos, nem a legitimidade da investigação científica, mas a operação intelectualmente fraudulenta pela qual fatos descritivos são transfigurados, por alquimia ideológica, em mandamentos morais inquestionáveis e, mais grave ainda, em justificativas para a expansão ilimitada do poder estatal e supranacional.</description>
    </item>
    <item>
      <title>Manifesto contra a tirania vacinal: Uma Defasa da Lei Natural frente à Corrupção Científica e Estatal</title>
      <link>http://localhost:1313/tratados/tirania_vacinal/</link>
      <pubDate>Thu, 28 Aug 2025 00:00:00 +0000</pubDate>
      <guid>http://localhost:1313/tratados/tirania_vacinal/</guid>
      <description>MANIFESTO CONTRA A TIRANIA VACINAL: UMA DEFESA DA LEI NATURAL FRENTE À CORRUPÇÃO CIENTÍFICA E ESTATAL__1 PREMISSA FUNDAMENTAL: A Leiii Natural, emanada da razão divina e acessível à reta razão humana, é a ordem imutável que precede e julga todas as leis positivas do homem. Seus princípios são superiores e invioláveis. A prática vacinal coercitiva, tal como imposta pelo aparato biomédico global, constitui uma ofensa frontal a esta Lei, operando através de meios intrinsecamente ilícitos, com consequências desastrosas comprovadas por dados históricos, jurídicos e científicos incontestáveis.</description>
    </item>
    <item>
      <title>STF: A Cúpula da Nova Inquisição Brasileira</title>
      <link>http://localhost:1313/tratados/tirania_judicial/</link>
      <pubDate>Thu, 28 Aug 2025 00:00:00 +0000</pubDate>
      <guid>http://localhost:1313/tratados/tirania_judicial/</guid>
      <description>STF: A Nova Cúpula da Inquisição Brasileira I. DA USURPAÇÃO TELEOLÓGICA: A PERVERSÃO DA CAUSA FINAL A causa final — termo filosófico aristotélico que designa o propósito último e essencial de um ser ou instituição — do Poder Judiciário é a aplicação imparcial da lei. O Supremo Tribunal Federal corrompeu absolutamente sua causa final, transmutando-a de guardião da Constituição para instrumento de hegemonia político-ideológica. Esta usurpação teleológica manifesta-se na sistemática substituição do texto constitucional pelo arbítrio discricionário dos ministros, que passaram a operar como um comitê de salvação pública doutrinária.</description>
    </item>
    <item>
      <title>STF: A Cúpula da Nova Inquisição Brasileira(não leia, isso é apenas um rascunho)</title>
      <link>http://localhost:1313/tratados/judicial-post/</link>
      <pubDate>Sat, 12 Jul 2025 00:00:00 +0000</pubDate>
      <guid>http://localhost:1313/tratados/judicial-post/</guid>
      <description>I.1 — STF: A CÚPULA DA NOVA INQUISIÇÃO BRASILEIRA Como ministros togados instauraram um regime absolutista por meio de jurisprudência militante&#xA;Subtítulo: Casos concretos de censura, perseguição política e o golpe de toga institucionalizado&#xA;INTROITUS: A TEOLOGIA DO VERBO TOGADO — O NASCIMENTO DO MAGISTÉRIO SUPREMO Em toda civilização que se encaminha para sua forma terminal de decadência, surge inevitavelmente uma casta de sacerdotes jurídicos, não para preservar a lei natural e o bem comum, mas para operar a transubstanciação da norma em instrumento de controle total.</description>
    </item>
    <item>
      <title>Meu Primeiro Artigo</title>
      <link>http://localhost:1313/tratados/meu-primeiro-artigo/</link>
      <pubDate>Wed, 04 Jun 2025 05:59:45 +0000</pubDate>
      <guid>http://localhost:1313/tratados/meu-primeiro-artigo/</guid>
      <description></description>
    </item>
    <item>
      <title>Aquecimento Global: Uma Análise Epistemológica da Premissa Antropogênica</title>
      <link>http://localhost:1313/tratados/novo-artigo/</link>
      <pubDate>Wed, 04 Jun 2025 00:00:00 +0000</pubDate>
      <guid>http://localhost:1313/tratados/novo-artigo/</guid>
      <description>“Não é a ciência que comanda a narrativa; é a narrativa que sequestrou a ciência.”&#xA;— Cartola Survival&#xA;“A ciência não é consenso; é demonstração.”&#xA;— Richard Feynman&#xA;Introdução O presente artigo não pretende simplesmente negar ou afirmar a existência do aquecimento global. Pretende, sim, analisar epistemologicamente a força da premissa segundo a qual o aquecimento global seria causado pela ação humana, premissa essa que se converteu, na modernidade politicamente doutrinada, em dogma inquestionável, muitas vezes blindado contra o escrutínio racional e a análise empírica rigorosa.</description>
    </item>
    <item>
      <title>Agenda 2030</title>
      <link>http://localhost:1313/tratados/agenda_2030/</link>
      <pubDate>Mon, 01 Jan 0001 00:00:00 +0000</pubDate>
      <guid>http://localhost:1313/tratados/agenda_2030/</guid>
      <description>AGENDA 2030: O PLANO DE GERENCIAR A HUMANIDADE COMO REBANHO — COMO OS 17 OBJETIVOS ESCONDEM UMA META: CONTROLE TOTAL EM NOME DA SUSTENTABILIDADE PRÓLOGO: ADVERTÊNCIA SOBRE O LEVIATÃ GLOBAL&#xA;Nós, os herdeiros da tradição ocidental, da filosofia grega, do direito romano e da moral judaico-cristã, encontramo-nos no precipício de uma escravidão totalitária sem precedentes, vestida com as roupagens sedutoras da filantropia e da preocupação ambiental. A Agenda 2030, proclamada pelas Nações Unidas com solenidade enganosa, não é um mero conjunto de aspirações para um futuro melhor; é, isto sim, a cartilha definitiva para a instauração de um governo mundial tecnocrático, a mais recente e perniciosa encarnação daquela mesma ânsia pelo controle absoluto que animou os construtores da Torre de Babel, os jacobinos da Revolução Francesa e os comissários do politburo soviético.</description>
    </item>
  </channel>
</rss>
