<?xml version="1.0" encoding="utf-8" standalone="yes"?>
<rss version="2.0" xmlns:atom="http://www.w3.org/2005/Atom">
  <channel>
    <title>Censura on Cartola Survival</title>
    <link>https://survivalcartola.github.io/tags/censura/</link>
    <description>Recent content in Censura on Cartola Survival</description>
    <generator>Hugo</generator>
    <language>pt-br</language>
    <lastBuildDate>Thu, 28 Aug 2025 00:00:00 +0000</lastBuildDate>
    <atom:link href="https://survivalcartola.github.io/tags/censura/index.xml" rel="self" type="application/rss+xml" />
    <item>
      <title>STF: A Cúpula da Nova Inquisição Brasileira</title>
      <link>https://survivalcartola.github.io/tractatus/tirania_judicial/</link>
      <pubDate>Thu, 28 Aug 2025 00:00:00 +0000</pubDate>
      <guid>https://survivalcartola.github.io/tractatus/tirania_judicial/</guid>
      <description>STF: A Nova Cúpula da Inquisição Brasileira I. DA USURPAÇÃO TELEOLÓGICA: A PERVERSÃO DA CAUSA FINAL A causa final — termo filosófico aristotélico que designa o propósito último e essencial de um ser ou instituição — do Poder Judiciário é a aplicação imparcial da lei. O Supremo Tribunal Federal corrompeu absolutamente sua causa final, transmutando-a de guardião da Constituição para instrumento de hegemonia político-ideológica. Esta usurpação teleológica manifesta-se na sistemática substituição do texto constitucional pelo arbítrio discricionário dos ministros, que passaram a operar como um comitê de salvação pública doutrinária.</description>
    </item>
  </channel>
</rss>
