<?xml version="1.0" encoding="utf-8" standalone="yes"?>
<rss version="2.0" xmlns:atom="http://www.w3.org/2005/Atom">
  <channel>
    <title>Doutrina on Cartola Survival</title>
    <link>http://localhost:1313/categories/doutrina/</link>
    <description>Recent content in Doutrina on Cartola Survival</description>
    <generator>Hugo</generator>
    <language>pt-br</language>
    <lastBuildDate>Sat, 12 Jul 2025 00:00:00 +0000</lastBuildDate>
    <atom:link href="http://localhost:1313/categories/doutrina/index.xml" rel="self" type="application/rss+xml" />
    <item>
      <title>STF: A Cúpula da Nova Inquisição Brasileira(não leia, isso é apenas um rascunho)</title>
      <link>http://localhost:1313/tractatus/judicial-post/</link>
      <pubDate>Sat, 12 Jul 2025 00:00:00 +0000</pubDate>
      <guid>http://localhost:1313/tractatus/judicial-post/</guid>
      <description>I.1 — STF: A CÚPULA DA NOVA INQUISIÇÃO BRASILEIRA Como ministros togados instauraram um regime absolutista por meio de jurisprudência militante&#xA;Subtítulo: Casos concretos de censura, perseguição política e o golpe de toga institucionalizado&#xA;INTROITUS: A TEOLOGIA DO VERBO TOGADO — O NASCIMENTO DO MAGISTÉRIO SUPREMO Em toda civilização que se encaminha para sua forma terminal de decadência, surge inevitavelmente uma casta de sacerdotes jurídicos, não para preservar a lei natural e o bem comum, mas para operar a transubstanciação da norma em instrumento de controle total.</description>
    </item>
  </channel>
</rss>
